{
  "male_male_anechoic_25sec_v2_1": {
    "nisqa": {
      "input": [
        2.001237392425537,
        2.001237630844116
      ],
      "enhanced": [
        4.604866027832031,
        3.256073236465454
      ]
    },
    "dnsmos": {
      "input": [
        3.3457240717751637,
        3.345726660319737
      ],
      "enhanced": [
        4.034683125359671,
        3.7733659744262695
      ]
    },
    "re_acc": [
      0.7827181220054626,
      0.29865771532058716
    ],
    "wer": {
      "input": [
        0.5636363636363636,
        1.0
      ],
      "enhanced": [
        0.01818181818181818,
        0.38
      ]
    }
  },
  "male_male_anechoic_15sec_v2_2": {
    "nisqa": {
      "input": [
        1.9970217943191528,
        1.9970217943191528
      ],
      "enhanced": [
        2.6465375423431396,
        4.433892250061035
      ]
    },
    "dnsmos": {
      "input": [
        3.2954273223876953,
        3.2954273223876953
      ],
      "enhanced": [
        3.5869295597076416,
        3.965277671813965
      ]
    },
    "re_acc": [
      0.3568147122859955,
      0.8836141228675842
    ],
    "wer": {
      "input": [
        0.9705882352941176,
        0.4411764705882353
      ],
      "enhanced": [
        0.14705882352941177,
        0.20588235294117646
      ]
    }
  },
  "male_male_anechoic_20sec_v2_1": {
    "nisqa": {
      "input": [
        2.2718610763549805,
        2.2718608379364014
      ],
      "enhanced": [
        4.5198211669921875,
        3.7058684825897217
      ]
    },
    "dnsmos": {
      "input": [
        3.03853372165135,
        3.03853372165135
      ],
      "enhanced": [
        3.766922576086862,
        3.6000094754355296
      ]
    },
    "re_acc": [
      0.6948229074478149,
      0.3896457850933075
    ],
    "wer": {
      "input": [
        0.7906976744186046,
        1.0
      ],
      "enhanced": [
        0.13953488372093023,
        0.06521739130434782
      ]
    }
  }
}