{
  "male_male_anechoic_25sec_v2_1": {
    "nisqa": {
      "input": [
        2.001237392425537,
        2.001237630844116
      ],
      "enhanced": [
        4.7419867515563965,
        4.116105079650879
      ]
    },
    "dnsmos": {
      "input": [
        3.3457240717751637,
        3.345726660319737
      ],
      "enhanced": [
        4.076841797147479,
        3.8717473234449113
      ]
    },
    "re_acc": [
      0.9085570573806763,
      0.9060402512550354
    ],
    "wer": {
      "input": [
        0.5636363636363636,
        1.0
      ],
      "enhanced": [
        0.01818181818181818,
        0.12
      ]
    }
  },
  "male_male_anechoic_15sec_v2_2": {
    "nisqa": {
      "input": [
        1.9970217943191528,
        1.9970217943191528
      ],
      "enhanced": [
        4.341184616088867,
        4.8570051193237305
      ]
    },
    "dnsmos": {
      "input": [
        3.2954273223876953,
        3.2954273223876953
      ],
      "enhanced": [
        4.224583625793457,
        4.036280632019043
      ]
    },
    "re_acc": [
      0.8989280462265015,
      0.9356815218925476
    ],
    "wer": {
      "input": [
        0.9705882352941176,
        0.4411764705882353
      ],
      "enhanced": [
        0.058823529411764705,
        0.029411764705882353
      ]
    }
  },
  "male_male_anechoic_20sec_v2_1": {
    "nisqa": {
      "input": [
        2.2718610763549805,
        2.2718608379364014
      ],
      "enhanced": [
        4.793037414550781,
        4.169672012329102
      ]
    },
    "dnsmos": {
      "input": [
        3.03853372165135,
        3.03853372165135
      ],
      "enhanced": [
        3.895053046090262,
        3.5918753487723216
      ]
    },
    "re_acc": [
      0.8801090121269226,
      0.9445958733558655
    ],
    "wer": {
      "input": [
        0.7906976744186046,
        1.0
      ],
      "enhanced": [
        0.06976744186046512,
        0.13043478260869565
      ]
    }
  }
}