{
  "reverb_half_15sec_v1_1": {
    "nisqa": {
      "input": [
        1.6188592910766602,
        1.6188591718673706
      ],
      "enhanced": [
        4.6037983894348145,
        3.827970266342163
      ]
    },
    "dnsmos": {
      "input": [
        2.9457168579101562,
        2.9457168579101562
      ],
      "enhanced": [
        3.7728662490844727,
        3.8330135345458984
      ]
    },
    "re_acc": [
      0.7142857313156128,
      0.4270186424255371
    ],
    "wer": {
      "input": [
        0.5588235294117647,
        1.0
      ],
      "enhanced": [
        0.058823529411764705,
        0.27586206896551724
      ]
    }
  },
  "reverb_half_20sec_v1_2": {
    "nisqa": {
      "input": [
        1.9530575275421143,
        1.953057885169983
      ],
      "enhanced": [
        4.5920610427856445,
        3.4927186965942383
      ]
    },
    "dnsmos": {
      "input": [
        2.822101593017578,
        2.822101593017578
      ],
      "enhanced": [
        4.089476142610822,
        3.544029746736799
      ]
    },
    "re_acc": [
      0.6480558514595032,
      0.4217348098754883
    ],
    "wer": {
      "input": [
        0.5,
        0.9555555555555556
      ],
      "enhanced": [
        0.10869565217391304,
        0.17777777777777778
      ]
    }
  },
  "reverb_half_25sec_v2_2": {
    "nisqa": {
      "input": [
        2.0927698612213135,
        2.0927698612213135
      ],
      "enhanced": [
        4.547266006469727,
        3.3963868618011475
      ]
    },
    "dnsmos": {
      "input": [
        3.0173778533935547,
        3.0173778533935547
      ],
      "enhanced": [
        3.865448202405657,
        3.6997857434409007
      ]
    },
    "re_acc": [
      0.7598425149917603,
      0.29527559876441956
    ],
    "wer": {
      "input": [
        0.509090909090909,
        1.04
      ],
      "enhanced": [
        0.01818181818181818,
        0.26
      ]
    }
  }
}