{
  "reverb_half_15sec_v1_1": {
    "nisqa": {
      "input": [
        1.6188592910766602,
        1.6188591718673706
      ],
      "enhanced": [
        4.650437355041504,
        4.31082010269165
      ]
    },
    "dnsmos": {
      "input": [
        2.9457168579101562,
        2.9457168579101562
      ],
      "enhanced": [
        3.763333797454834,
        3.677966594696045
      ]
    },
    "re_acc": [
      0.9285714626312256,
      0.861801266670227
    ],
    "wer": {
      "input": [
        0.5588235294117647,
        1.0
      ],
      "enhanced": [
        0.029411764705882353,
        0.41379310344827586
      ]
    }
  },
  "reverb_half_20sec_v1_2": {
    "nisqa": {
      "input": [
        1.9530575275421143,
        1.953057885169983
      ],
      "enhanced": [
        4.66269588470459,
        4.005887985229492
      ]
    },
    "dnsmos": {
      "input": [
        2.822101593017578,
        2.822101593017578
      ],
      "enhanced": [
        4.15135771887643,
        3.587444169180734
      ]
    },
    "re_acc": [
      0.8823529481887817,
      0.8963111042976379
    ],
    "wer": {
      "input": [
        0.5,
        0.9555555555555556
      ],
      "enhanced": [
        0.08695652173913043,
        0.2
      ]
    }
  },
  "reverb_half_25sec_v2_2": {
    "nisqa": {
      "input": [
        2.0927698612213135,
        2.0927698612213135
      ],
      "enhanced": [
        4.727169036865234,
        3.9121556282043457
      ]
    },
    "dnsmos": {
      "input": [
        3.0173778533935547,
        3.0173778533935547
      ],
      "enhanced": [
        4.149798188890729,
        3.782620600291661
      ]
    },
    "re_acc": [
      0.9251968264579773,
      0.6787401437759399
    ],
    "wer": {
      "input": [
        0.509090909090909,
        1.04
      ],
      "enhanced": [
        0.03636363636363636,
        0.12
      ]
    }
  }
}