{
  "male_male_anechoic_25sec_v2_1": {
    "nisqa": {
      "input": [
        2.001237392425537,
        2.001237630844116
      ],
      "enhanced": [
        4.714917182922363,
        4.18204927444458
      ]
    },
    "dnsmos": {
      "input": [
        3.3457240717751637,
        3.345726660319737
      ],
      "enhanced": [
        4.131160123007638,
        3.826721804482596
      ]
    },
    "re_acc": [
      0.9186241626739502,
      0.7298657894134521
    ],
    "wer": {
      "input": [
        0.5636363636363636,
        1.0
      ],
      "enhanced": [
        0.01818181818181818,
        0.18
      ]
    }
  },
  "male_male_anechoic_15sec_v2_2": {
    "nisqa": {
      "input": [
        1.9970217943191528,
        1.9970217943191528
      ],
      "enhanced": [
        4.338132858276367,
        4.839384078979492
      ]
    },
    "dnsmos": {
      "input": [
        3.2954273223876953,
        3.2954273223876953
      ],
      "enhanced": [
        4.067957878112793,
        3.921130418777466
      ]
    },
    "re_acc": [
      0.9341500997543335,
      0.9218989610671997
    ],
    "wer": {
      "input": [
        0.9705882352941176,
        0.4411764705882353
      ],
      "enhanced": [
        0.058823529411764705,
        0.0
      ]
    }
  },
  "male_male_anechoic_20sec_v2_1": {
    "nisqa": {
      "input": [
        2.2718610763549805,
        2.2718608379364014
      ],
      "enhanced": [
        4.770684242248535,
        4.193081378936768
      ]
    },
    "dnsmos": {
      "input": [
        3.03853372165135,
        3.03853372165135
      ],
      "enhanced": [
        3.97727108001709,
        3.647362674985613
      ]
    },
    "re_acc": [
      0.8237965703010559,
      0.8519527912139893
    ],
    "wer": {
      "input": [
        0.7906976744186046,
        1.0
      ],
      "enhanced": [
        0.09302325581395349,
        0.10869565217391304
      ]
    }
  }
}