{
  "reverb_half_15sec_v1_1": {
    "nisqa": {
      "input": [
        1.6188592910766602,
        1.6188591718673706
      ],
      "enhanced": [
        4.764229774475098,
        4.353541374206543
      ]
    },
    "dnsmos": {
      "input": [
        2.9457168579101562,
        2.9457168579101562
      ],
      "enhanced": [
        3.752514123916626,
        3.691561222076416
      ]
    },
    "re_acc": [
      0.9223602414131165,
      0.9130434989929199
    ],
    "wer": {
      "input": [
        0.5588235294117647,
        1.0
      ],
      "enhanced": [
        0.029411764705882353,
        0.13793103448275862
      ]
    }
  },
  "reverb_half_20sec_v1_2": {
    "nisqa": {
      "input": [
        1.9530575275421143,
        1.953057885169983
      ],
      "enhanced": [
        4.793149948120117,
        3.898397922515869
      ]
    },
    "dnsmos": {
      "input": [
        2.822101593017578,
        2.822101593017578
      ],
      "enhanced": [
        4.1858126776559015,
        3.6240170001983643
      ]
    },
    "re_acc": [
      0.9282153844833374,
      0.956131637096405
    ],
    "wer": {
      "input": [
        0.5,
        0.9555555555555556
      ],
      "enhanced": [
        0.043478260869565216,
        0.06666666666666667
      ]
    }
  },
  "reverb_half_25sec_v2_2": {
    "nisqa": {
      "input": [
        2.0927698612213135,
        2.0927698612213135
      ],
      "enhanced": [
        4.8067626953125,
        4.001938343048096
      ]
    },
    "dnsmos": {
      "input": [
        3.0173778533935547,
        3.0173778533935547
      ],
      "enhanced": [
        4.121998855045864,
        3.867220844541277
      ]
    },
    "re_acc": [
      0.9496062994003296,
      0.8582677245140076
    ],
    "wer": {
      "input": [
        0.509090909090909,
        1.04
      ],
      "enhanced": [
        0.0,
        0.12
      ]
    }
  }
}